渠道,注册_W1,注册_W2,次留_W1,次留_W2,次留降幅,3留_W1,3留_W2,3留降幅,7留_W1,7留_W2,7留降幅,综合降幅,影响度
游卡-安卓(310003),14057,9783,37.0,30.4,6.6,30.1,23.2,6.9,18.0,15.4,2.7,5.41,529.0
4399-Web(220001),14861,13030,23.5,19.2,4.3,18.2,15.1,3.1,12.0,9.3,2.7,3.35,436.0
Wegame-PC(120110),13692,12220,20.3,16.8,3.5,16.5,12.8,3.7,10.6,9.1,1.5,2.9,354.0
游卡-Web(210002),6031,4481,27.7,19.8,7.8,23.4,15.7,7.6,14.8,10.8,4.0,6.48,290.0
TapTap-安卓(官方)(310004),5487,3467,37.9,29.7,8.2,31.5,21.6,9.9,18.4,13.4,5.0,7.7,267.0
游卡-iOS(410004),7885,6185,34.3,30.1,4.2,27.3,23.2,4.2,17.2,14.0,3.2,3.87,239.0
4399-安卓(320031),5032,3148,40.6,34.0,6.6,34.1,27.3,6.8,20.2,16.6,3.7,5.69,179.0
VIVO-安卓(320015),5523,4185,38.7,33.9,4.9,32.2,26.4,5.7,18.9,16.7,2.2,4.26,178.0
Steam-PC(120113),6197,5254,21.9,19.0,3.0,16.9,12.8,4.1,10.1,8.7,1.4,2.85,150.0
Wegame-安卓(320107),2432,1459,45.2,35.7,9.5,37.1,28.1,8.9,25.0,16.1,8.8,9.08,133.0
小米-安卓(320011),3983,2963,36.0,32.5,3.5,29.2,24.6,4.6,18.9,17.0,1.8,3.29,97.0
OPPO-安卓(320014),3380,2863,37.1,34.0,3.1,28.2,24.6,3.7,16.9,15.2,1.8,2.85,82.0
游卡-鸿蒙(710001),1477,1113,29.2,23.1,6.1,24.4,18.7,5.8,13.6,9.2,4.3,5.38,60.0
华为-安卓(320007),2004,1529,36.8,34.4,2.3,28.9,25.9,3.0,16.6,15.1,1.5,2.27,35.0
好游快爆-安卓(官方)(310005),883,524,36.0,28.4,7.6,30.2,17.5,12.7,15.9,16.8,-0.9,6.45,34.0
QQ大厅-PC(120123),3064,2707,20.1,18.7,1.4,14.8,13.4,1.3,9.7,8.8,0.9,1.22,33.0
抖音-安卓(官方)(310023),1184,523,38.2,32.4,5.8,30.1,23.5,6.6,15.9,9.9,6.0,6.12,32.0
B站-安卓(320120),467,320,47.3,36.2,11.0,41.5,28.5,13.0,26.2,21.9,4.3,9.47,30.0
4399-PC(120118),622,433,35.3,30.0,5.2,32.6,21.6,11.0,21.5,18.6,2.9,6.37,28.0
荣耀-安卓(320173),989,822,34.2,31.5,2.6,26.9,22.6,4.4,17.8,15.1,2.7,3.22,26.0
游卡-PC(110001),1341,926,31.1,25.3,5.8,26.5,22.4,4.0,18.2,21.0,-2.8,2.31,21.0
2144-Web(220016),184,141,32.7,22.2,10.5,29.7,17.8,11.9,18.7,4.4,14.3,12.25,17.0
应用宝-安卓(320017),311,251,34.8,23.5,11.3,28.5,22.0,6.5,17.2,20.0,-2.8,4.99,13.0
7k7k-H5(520122),158,159,32.0,25.2,6.8,21.5,14.3,7.1,14.6,6.9,7.7,7.23,11.0
360-PC(120122),60,53,41.8,21.4,20.4,37.6,16.3,21.3,25.7,10.0,15.7,19.14,10.0
飞火游戏-Web(220005),122,124,21.6,12.3,9.3,16.7,13.0,3.7,12.5,5.9,6.6,6.52,8.0
快手-安卓(320203),119,81,38.8,28.2,10.6,32.5,28.2,4.3,22.6,13.3,9.3,8.07,7.0
微信-H5(520214),76,100,13.1,12.8,0.2,13.4,4.4,9.0,8.4,0.0,8.4,5.87,6.0
Wegame-iOS(420108),894,661,35.7,32.0,3.7,27.9,26.2,1.7,20.6,23.8,-3.1,0.78,5.0
MUMU模拟器-安卓(320118),50,22,47.7,24.2,23.5,37.6,38.0,-0.4,16.6,0.0,16.6,13.24,3.0
百度-Web(220013),70,31,24.3,22.2,2.1,21.7,15.8,5.9,17.5,0.0,17.5,8.5,3.0
360-Web(220015),98,90,30.0,24.7,5.3,17.2,24.3,-7.1,9.5,0.0,9.5,2.59,2.0
B站-PC(120174),71,35,39.5,26.1,13.4,34.5,52.4,-17.9,23.2,0.0,23.2,6.23,2.0
联想-PC(120119),312,247,29.4,29.5,-0.2,24.7,22.5,2.2,17.0,17.0,-0.1,0.65,2.0
飞火游戏-安卓(320092),67,36,4.4,0.0,4.4,5.1,0.0,5.1,1.0,0.0,1.0,3.5,1.0
虎牙游戏-安卓(320204),8,4,41.7,16.7,25.0,33.3,16.7,16.7,41.7,0.0,41.7,27.78,1.0
顺网-安卓(320170),5,5,41.7,16.7,25.0,41.7,0.0,41.7,41.7,,,22.22,1.0
快玩游戏-PC(120114),1,1,100.0,0.0,100.0,100.0,0.0,100.0,100.0,,,66.67,1.0
百度手机助手-安卓(320042),2,1,50.0,0.0,50.0,100.0,0.0,100.0,100.0,,,50.0,0.0
紫霞-Web(220002),1,1,0.0,0.0,0.0,100.0,0.0,100.0,0.0,,,33.33,0.0
顺网-H5(520063),3,2,33.3,0.0,33.3,0.0,0.0,0.0,0.0,,,11.11,0.0
YY-Web(220006),11,24,37.5,6.7,30.8,8.3,21.0,-12.7,4.2,20.0,-15.8,0.78,0.0
顺网-PC(120112),17,20,7.1,8.3,-1.2,7.1,3.3,3.8,0.0,0.0,0.0,0.87,0.0
快玩游戏-Web(220004),2,5,0.0,0.0,0.0,0.0,0.0,0.0,0.0,0.0,0.0,0.0,0.0
7k7k-Web(220014),3,1,0.0,100.0,-100.0,0.0,0.0,0.0,0.0,,,-33.33,-0.0
顺网-Web(220003),4,6,25.0,20.0,5.0,25.0,50.0,-25.0,0.0,0.0,0.0,-6.67,-0.0
易乐玩-PC(120130),132,133,5.8,6.8,-1.0,1.1,2.9,-1.8,1.1,0.0,1.1,-0.55,-1.0
飞火游戏-PC(120115),676,871,10.5,9.0,1.5,5.2,6.8,-1.6,3.8,6.7,-3.0,-1.01,-9.0
